{
    "$schema": "https://schema.management.azure.com/schemas/2015-01-01/deploymentParameters.json#",
    "contentVersion": "1.0.0.0",
    "parameters": {
        "appId": {
            "value": "e2659b8a-cdda-41d4-9ff3-7c9797949d44"
        },
        "appSecret": {
            "value": "7a*SZ0>u9OB]O)vV0aJbmx90S"
        },
        "botId": {
            "value": "finalprojectchatbot"
        },
        "botSku": {
            "value": "S1"
        },
        "newAppServicePlanName": {
            "value": ""
        },
        "newAppServicePlanSku": {
            "value": {
                "name": "S1",
                "tier": "Standard",
                "size": "S1",
                "family": "S",
                "capacity": 1
            }
        },
        "appServicePlanLocation": {
            "value": ""
        },
        "existingAppServicePlan": {
            "value": "FinalProjectChatbot"
        },
        "newWebAppName": {
            "value": "finalprojectchatbot"
        }
    }
}